{
    "$schema": "http://schema.management.azure.com/schemas/2015-01-01/deploymentTemplate.json#",
    "contentVersion": "1.0.0.0",
    "parameters": {
        "factoryName": {
            "type": "string",
            "metadata": "Data Factory Name",
            "defaultValue": "mtcsamldemoadf"
        },
        "AzureDatabricks1_accessToken": {
            "type": "secureString",
            "metadata": "Secure string for 'accessToken' of 'AzureDatabricks1'"
        }
    },
    "variables": {
        "factoryId": "[concat('Microsoft.DataFactory/factories/', parameters('factoryName'))]"
    },
    "resources": [
        {
            "name": "[concat(parameters('factoryName'), '/prediction_pipeline')]",
            "type": "Microsoft.DataFactory/factories/pipelines",
            "apiVersion": "2018-06-01",
            "properties": {
                "activities": [
                    {
                        "name": "customer_churn_prediction",
                        "type": "DatabricksNotebook",
                        "dependsOn": [],
                        "policy": {
                            "timeout": "7.00:00:00",
                            "retry": 0,
                            "retryIntervalInSeconds": 30,
                            "secureOutput": false,
                            "secureInput": false
                        },
                        "userProperties": [],
                        "typeProperties": {
                            "notebookPath": "/Users/hyssh@microsoft.com/score",
                            "baseParameters": {
                                "ACCOUNT_KEY": "TjvjWJX9Xpehmk1OgEpdPKneO8bp0/mCZtSHMSC7MbN90o6P7l968tbvkfCZ2sJHwISFJsD2Pblq65ZTaLmIaA==",
                                "CONTAINER": "ingest",
                                "ML_PATH": "wasbs://models@azureailabs.blob.core.windows.net/churn_classifier",
                                "STORAGE_ACCOUNT": "mtcseattle"
                            }
                        },
                        "linkedServiceName": {
                            "referenceName": "AzureDatabricks1",
                            "type": "LinkedServiceReference"
                        }
                    }
                ],
                "annotations": []
            },
            "dependsOn": [
                "[concat(variables('factoryId'), '/linkedServices/AzureDatabricks1')]"
            ]
        },
        {
            "name": "[concat(parameters('factoryName'), '/AzureDatabricks1')]",
            "type": "Microsoft.DataFactory/factories/linkedServices",
            "apiVersion": "2018-06-01",
            "properties": {
                "annotations": [],
                "type": "AzureDatabricks",
                "typeProperties": {
                    "domain": "https://westus2.azuredatabricks.net",
                    "accessToken": {
                        "type": "SecureString",
                        "value": "[parameters('AzureDatabricks1_accessToken')]"
                    },
                    "newClusterNodeType": "Standard_DS3_v2",
                    "newClusterNumOfWorker": "1",
                    "newClusterSparkEnvVars": {
                        "PYSPARK_PYTHON": "/databricks/python3/bin/python3"
                    },
                    "newClusterVersion": "4.3.x-scala2.11"
                }
            },
            "dependsOn": []
        }
    ]
}