{
    "$schema": "http://schema.management.azure.com/schemas/2015-01-01/deploymentTemplate.json#",
    "contentVersion": "1.0.0.0",
    "parameters": {
        "factoryName": {
            "type": "string",
            "metadata": "Data Factory Name",
            "defaultValue": "azlab481adf"
        },
        "AzureDatabricks1_accessToken": {
            "type": "secureString",
            "metadata": "Secure string for 'accessToken' of 'AzureDatabricks1'"
        },
        "AzureKeyVault1_properties_typeProperties_baseUrl": {
            "type": "string",
            "defaultValue": "https://akv481.vault.azure.net/"
        }
    },
    "variables": {
        "factoryId": "[concat('Microsoft.DataFactory/factories/', parameters('factoryName'))]"
    },
    "resources": [
        {
            "name": "[concat(parameters('factoryName'), '/Customer_Churn_Batch_Prediction')]",
            "type": "Microsoft.DataFactory/factories/pipelines",
            "apiVersion": "2018-06-01",
            "properties": {
                "activities": [
                    {
                        "name": "Customer_Churn_Batch_Notebook",
                        "type": "DatabricksNotebook",
                        "dependsOn": [],
                        "policy": {
                            "timeout": "7.00:00:00",
                            "retry": 0,
                            "retryIntervalInSeconds": 30,
                            "secureOutput": false,
                            "secureInput": false
                        },
                        "userProperties": [],
                        "typeProperties": {
                            "notebookPath": "/Users/hyssh@microsoft.com/ADBLabs/Runnable/score",
                            "baseParameters": {
                                "STORAGE_ACCOUNT": {
                                    "value": "@pipeline().parameters.blob_acct_name",
                                    "type": "Expression"
                                },
                                "CONTAINER": {
                                    "value": "@pipeline().parameters.container_name",
                                    "type": "Expression"
                                },
                                "ML_PATH": {
                                    "value": "@pipeline().parameters.score_model",
                                    "type": "Expression"
                                },
                                "ACCOUNT_KEY": {
                                    "value": "@pipeline().parameters.blob_acct_key1",
                                    "type": "Expression"
                                }
                            }
                        },
                        "linkedServiceName": {
                            "referenceName": "AzureDatabricks1",
                            "type": "LinkedServiceReference"
                        }
                    }
                ],
                "parameters": {
                    "blob_acct_name": {
                        "type": "String"
                    },
                    "container_name": {
                        "type": "String"
                    },
                    "score_model": {
                        "type": "String",
                        "defaultValue": "wasbs://models@azureailabs.blob.core.windows.net/churn_classifier"
                    },
                    "blob_acct_key1": {
                        "type": "String"
                    }
                },
                "annotations": []
            },
            "dependsOn": [
                "[concat(variables('factoryId'), '/linkedServices/AzureDatabricks1')]"
            ]
        },
        {
            "name": "[concat(parameters('factoryName'), '/AzureDatabricks1')]",
            "type": "Microsoft.DataFactory/factories/linkedServices",
            "apiVersion": "2018-06-01",
            "properties": {
                "annotations": [],
                "type": "AzureDatabricks",
                "typeProperties": {
                    "domain": "https://eastus.azuredatabricks.net",
                    "accessToken": {
                        "type": "SecureString",
                        "value": "[parameters('AzureDatabricks1_accessToken')]"
                    },
                    "existingClusterId": "1210-063115-gnaw442"
                }
            },
            "dependsOn": []
        },
        {
            "name": "[concat(parameters('factoryName'), '/AzureKeyVault1')]",
            "type": "Microsoft.DataFactory/factories/linkedServices",
            "apiVersion": "2018-06-01",
            "properties": {
                "annotations": [],
                "type": "AzureKeyVault",
                "typeProperties": {
                    "baseUrl": "[parameters('AzureKeyVault1_properties_typeProperties_baseUrl')]"
                }
            },
            "dependsOn": []
        }
    ]
}